{
  "indexes": [
    {
      "collectionGroup": "users",
      "queryScope": "COLLECTION",
      "fields": [
        {
          "fieldPath": "gender",
          "order": "ASCENDING"
        },
        {
          "fieldPath": "geoHash",
          "order": "DESCENDING"
        }
      ]
    },
    {
      "collectionGroup": "users",
      "queryScope": "COLLECTION",
      "fields": [
        {
          "fieldPath": "isVerified",
          "order": "ASCENDING"
        },
        {
          "fieldPath": "certificate",
          "order": "ASCENDING"
        }
      ]
    }
  ],
  "fieldOverrides": []
}
